{
  "images" : [
    {
      "filename" : "ChatGPT Image Oct 24, 2025, 05_08_38 PM 6.02.09 PM.png",
      "idiom" : "universal",
      "scale" : "1x"
    },
    {
      "filename" : "ChatGPT Image Oct 24, 2025, 05_08_38 PM 6.02.09 PM 1.png",
      "idiom" : "universal",
      "scale" : "2x"
    },
    {
      "filename" : "ChatGPT Image Oct 24, 2025, 05_08_38 PM 6.02.09 PM 2.png",
      "idiom" : "universal",
      "scale" : "3x"
    }
  ],
  "info" : {
    "author" : "xcode",
    "version" : 1
  }
}
